{
    "geometries": [{
        "type": "Geometry",
        "data": {
            "skinWeights": [],
            "normals": [0.577349,0.577349,0.577349,0,0,1,0.577349,-0.577349,0.577349,-0.301492,-0.301492,0.904508,-0.082492,0.198157,0.976684,-0.577349,0.577349,0.577349,0.196539,-0.080996,0.977111,0.301492,0.301492,0.904508,-0.577349,-0.577349,0.577349,-0.195654,0.080172,0.977386,0.083316,-0.199042,0.976409,0.577349,-0.577349,-0.577349,0,0,-1,0.577349,0.577349,-0.577349,-0.301492,0.301492,-0.904508,-0.082614,-0.198279,-0.976623,-0.577349,-0.577349,-0.577349,0.196417,0.080874,-0.977172,0.301492,-0.301492,-0.904508,-0.577349,0.577349,-0.577349,-0.195379,-0.079897,-0.977447,0.08359,0.199316,-0.976348,0,1,0,0.301492,0.904508,-0.301492,0.084597,0.976043,0.200354,-0.194311,0.977722,-0.078921,-0.301492,0.904508,0.301492,0.194891,0.977569,0.07947,-0.084048,0.976196,-0.199774,0,-1,0,-0.301492,-0.904508,-0.301492,-0.082369,-0.976714,0.198035,0.196661,-0.977081,-0.081088,0.301492,-0.904508,0.301492,-0.194525,-0.977691,0.079134,0.084384,-0.976104,-0.20014,1,0,0,0.904508,-0.301492,-0.301492,0.976562,-0.082858,0.198523,0.977233,0.196173,-0.08063,0.904508,0.301492,0.301492,0.976562,-0.198553,0.082888,0.977233,0.080599,-0.196142,-1,0,0,-0.904508,0.301492,-0.301492,-0.97702,0.081362,0.196966,-0.976806,-0.197729,-0.082095,-0.904508,-0.301492,0.301492,-0.97702,0.196936,0.081332,-0.976775,-0.082125,-0.19776,-0.321543,-0.546983,0.772912,0.77398,-0.546831,-0.319193,0.547044,-0.322398,0.772485,0.54677,0.774377,-0.318308,0.325541,0.547258,0.77102,-0.775811,0.546556,-0.315165,-0.546861,0.319712,0.773736,-0.546953,-0.773125,-0.321024,-0.321726,0.77282,0.546983,0.774071,-0.318979,0.5468,-0.32197,-0.772698,-0.547014,0.774194,0.318766,-0.5468,0.323283,-0.772088,0.547105,-0.774773,0.317454,0.546709,0.32374,0.771874,-0.547136,-0.774987,-0.316965,-0.546678,-0.324564,0.547197,-0.771477,0.775384,0.546617,0.316141,0.325175,-0.547227,-0.771203,-0.775658,-0.546587,0.315531,0.54677,0.318247,-0.774407,0.547044,-0.772485,0.322459,-0.546953,-0.321085,-0.773125,-0.546861,0.773766,0.319651],
            "morphTargets": [],
            "metadata": {
                "vertices": 92,
                "generator": "io_three",
                "faces": 144,
                "normals": 74,
                "morphTargets": 0,
                "bones": 0,
                "materials": 1,
                "uvs": 1,
                "version": 3
            },
            "animations": [],
            "vertices": [-100,-100,-100,-100,-100,100,100,-100,-100,100,-100,100,100,100,-100,100,100,100,-100,100,-100,-100,100,100,-74.6,-100,-74.6,-74.6,-100,74.6,74.6,-100,-74.6,74.6,-100,74.6,100,-74.6,-74.6,100,-74.6,74.6,100,74.6,-74.6,100,74.6,74.6,74.6,100,-74.6,74.6,100,74.6,-74.6,100,-74.6,-74.6,100,74.6,-100,-74.6,-74.6,-100,-74.6,74.6,-100,74.6,-74.6,-100,74.6,74.6,-74.6,-74.6,100,74.6,-74.6,100,74.6,74.6,100,-74.6,74.6,100,-74.6,-74.6,-100,74.6,-74.6,-100,74.6,74.6,-100,-74.6,74.6,-100,-55.6527,74.6,100,74.6,-54.7149,100,55.4518,-74.6,100,-74.6,53.4774,100,-55.4563,-74.6,-100,74.6,54.3633,-100,-74.6,-52.2983,-100,54.5807,74.6,-100,57.5467,100,74.6,-74.6,100,-53.9901,74.6,100,53.0091,-55.8656,100,-74.6,-55.4423,-100,74.6,74.6,-100,-54.6441,-74.6,-100,52.67,55.9451,-100,-74.6,100,-55.5405,74.6,100,74.6,-54.1469,100,-74.6,55.0308,100,53.6081,-74.6,-100,-74.6,-54.8802,-100,54.4308,74.6,-100,-55.5465,-74.6,-100,74.6,55.0532,74.6,-96,74.6,-55.4423,-96,74.6,74.6,-96,-54.6441,96,74.6,74.6,96,-55.5405,74.6,96,74.6,-54.1469,-74.6,96,74.6,57.5467,96,74.6,-74.6,96,-53.9901,-96,-74.6,74.6,-96,-74.6,-54.8802,-96,54.4308,74.6,74.6,74.6,96,-55.6527,74.6,96,74.6,-54.7149,96,74.6,-74.6,-96,-55.4563,-74.6,-96,74.6,54.3633,-96,-74.6,-74.6,96,55.4518,-74.6,96,-74.6,53.4774,96,-74.6,74.6,-96,-74.6,-52.2983,-96,54.5807,74.6,-96,74.6,96,-74.6,74.6,96,53.0091,-55.8656,96,-74.6,-74.6,-96,-74.6,-74.6,-96,52.67,55.9451,-96,-74.6,96,-74.6,-74.6,96,-74.6,55.0308,96,53.6081,-74.6,-96,74.6,-74.6,-96,-55.5465,-74.6,-96,74.6,55.0532],
            "name": "boxGeometry",